<?xml version="1.0" encoding="UTF-8"?><beans xmlns="http://www.springframework.org/schema/beans"
	xmlns:xsi="http://www.w3.org/2001/XMLSchema-instance"
	xmlns:context="http://www.springframework.org/schema/context"
	xmlns:jdbc="http://www.springframework.org/schema/jdbc"
	xmlns:mvc="http://www.springframework.org/schema/mvc"
	xmlns:tx="http://www.springframework.org/schema/tx"
	xsi:schemaLocation="http://www.springframework.org/schema/beans http://www.springframework.org/schema/beans/spring-beans.xsd
		http://www.springframework.org/schema/context http://www.springframework.org/schema/context/spring-context-3.0.xsd
		http://www.springframework.org/schema/jdbc http://www.springframework.org/schema/jdbc/spring-jdbc-3.0.xsd
		http://www.springframework.org/schema/mvc http://www.springframework.org/schema/mvc/spring-mvc-3.0.xsd
		http://www.springframework.org/schema/tx http://www.springframework.org/schema/tx/spring-tx-3.0.xsd">

	<context:component-scan base-package="com"></context:component-scan>

	<bean id="ds" class="org.springframework.jdbc.datasource.DriverManagerDataSource">
		<property name="driverClassName"
			value="com.mysql.cj.jdbc.Driver"></property>
		<property name="url"
			value="jdbc:mysql://localhost:3306/empdb?useSSL=false"></property>
		<property name="username" value="root"></property>
		<property name="password" value="root"></property>
	</bean>

	<!-- Persistence.xml is not required -->

	<bean class="org.springframework.orm.jpa.LocalContainerEntityManagerFactoryBean" id="emf">
		<property name="dataSource" ref="ds"></property>
		<property name="packagesToScan" value="com.bean"></property>
		<property name="jpaProperties">
			<props>
				<prop key="hibernate.hbm2ddl.auto">update</prop>
			</props>
		</property>
		<property name="jpaVendorAdapter">
			<bean
				class="org.springframework.orm.jpa.vendor.HibernateJpaVendorAdapter">
			</bean>
		</property>
	</bean>
</beans>